,loss,log_p_x_given_z,log_q_z_given_x,log_p_z 
0,202.08677024963174,-197.62127858609816,-1.821225774364349,-6.286716608193729
1,161.90137883877978,-159.42807994025964,-1.8411854486495924,-4.3144842412905975
