,loss,log_p_x_given_z,log_q_z_given_x,log_p_z 
0,17067.657128906245,-17047.960302734373,-22.995417165756226,-42.69243259429932
