,loss,log_p_x_given_z,log_q_z_given_x,log_p_z 
0,17582.46830157844,-17559.196717554216,-23.73266810786967,-47.00423871254433
