,loss,log_p_x_given_z,log_q_z_given_x,log_p_z 
0,120.26118872070289,-116.14092066650387,-1.800738805675506,-5.921006701660155
1,44.11711106567381,-40.218709848022435,-1.230765509855746,-5.129166595077511
2,21.52488877410889,-17.776571243286146,-0.6407422898232934,-4.3890598472595235
3,12.387643902587904,-8.873499030685423,-0.5240313771545891,-4.038176235580448
4,7.841535651397697,-4.603072774505606,-0.2933074853181834,-3.5317703498840314
5,6.892690868377685,-3.7632492803573614,-0.27982381533384315,-3.4092654064178483
