,loss,log_p_x_given_z,log_q_z_given_x,log_p_z 
0,17080.179736328126,-17060.46235351562,-22.41667666435242,-42.13398418426513
