,loss,log_p_x_given_z,log_q_z_given_x,log_p_z 
0,17673.65216438139,-17647.008958466195,-24.53269715211829,-51.17585859493333
